user_id,timestamp
hao,2026-04-01 14:15:13
hao,2026-04-01 14:15:23
hao,2026-04-01 14:16:22
hao,2026-04-01 14:16:32
hao,2026-04-01 14:17:49
hii,2026-04-01 14:30:12
hii,2026-04-01 14:30:22
hii,2026-04-01 14:30:34
hii,2026-04-01 14:30:45
hii,2026-04-01 14:30:55
hii,2026-04-01 14:31:05
hii,2026-04-01 14:31:15
hao,2026-04-01 14:31:18
hii,2026-04-01 14:31:29
hao,2026-04-01 14:31:35
hii,2026-04-01 14:31:39
hao,2026-04-01 14:31:45
hii,2026-04-01 14:31:56
hii,2026-04-01 14:32:33
Hao,2026-04-01 14:42:19
HH,2026-04-01 14:43:58
HH,2026-04-01 14:44:09
HH,2026-04-01 14:44:21
HH,2026-04-01 14:44:31
HH,2026-04-01 14:44:41
HH,2026-04-01 14:44:51
HH,2026-04-01 14:45:02
Hao,2026-04-01 14:45:07
HH,2026-04-01 14:45:13
Hao,2026-04-01 14:45:17
HH,2026-04-01 14:45:27
Hao,2026-04-01 14:45:27
Hao,2026-04-01 14:45:37
HH,2026-04-01 14:45:43
Hao,2026-04-01 14:59:22
Hao,2026-04-01 14:59:32
Hao,2026-04-01 14:59:42
Hao1,2026-04-01 15:04:59
Hao,2026-04-01 15:04:59
Hao1,2026-04-01 15:05:09
Hao,2026-04-01 15:05:09
Hao,2026-04-01 15:15:20
Hao,2026-04-01 15:15:31
Hao,2026-04-01 15:15:41
Hao,2026-04-01 15:15:51
Hao,2026-04-01 15:16:01
Hao,2026-04-01 15:16:11
Hao,2026-04-01 15:16:21
Hao,2026-04-01 15:16:59
Hao,2026-04-01 15:17:09
Hao,2026-04-01 15:17:19
Hao,2026-04-01 15:17:29
Hao,2026-04-01 15:17:39
Hao,2026-04-01 15:17:49
Hao,2026-04-01 15:17:59
Hao,2026-04-01 15:38:10
Hao,2026-04-01 15:38:21
Hao,2026-04-01 15:38:31
Hao,2026-04-01 15:38:41
Hao,2026-04-01 16:03:13
Hao,2026-04-01 16:03:23
Hao,2026-04-01 16:03:33
Hao,2026-04-01 16:15:27
Hao,2026-04-01 16:15:37
Hao,2026-04-01 16:15:47
Hao,2026-04-01 16:15:57
Hao,2026-04-01 16:40:18
Hao,2026-04-01 16:40:28
Hao,2026-04-01 16:40:38
Hao,2026-04-01 16:40:48
Hao,2026-04-01 16:40:58
Hao,2026-04-01 16:52:00
Hao,2026-04-01 16:52:10
Hao,2026-04-01 16:52:20
Hao,2026-04-01 16:52:30
Hao,2026-04-01 16:52:40
khong,2026-04-01 16:53:41
Hao,2026-04-01 16:53:42
khong,2026-04-01 16:53:51
Hao,2026-04-01 16:53:52
